date,meantemp,humidity,wind_speed,meanpressure
2021-06-18,15.0,94.0,2,759.0
2021-06-19,15.0,77.0,2,762.0
2021-06-20,16.0,83.0,1,756.9
2021-06-21,13.0,82.0,5,759.7
2021-06-22,15.0,59.0,6,765.0
2021-06-23,18.0,49.0,5,768.1
2021-06-24,20.0,56.0,3,765.8
2021-06-25,21.0,60.0,4,762.0
2021-06-26,21.0,46.0,4,763.5
2021-06-27,19.0,78.0,6,761.2
2021-06-28,18.0,88.0,2,761.2
2021-06-29,19.0,64.0,3,761.2
2021-06-30,16.0,72.0,4,762.8
2021-07-01,20.0,49.0,4,763.5
2021-07-02,22.0,65.0,2,762.0
2021-07-03,19.0,83.0,4,759.0
2021-07-04,20.0,69.0,5,755.4
2021-07-05,19.0,56.0,5,754.6
2021-07-06,18.0,68.0,8,749.3
2021-07-07,19.0,68.0,6,759.0
2021-07-08,20.0,60.0,3,765.0
2021-07-09,22.0,61.0,3,765.8
2021-07-10,17.0,73.0,2,762.0
2021-07-11,19.0,64.0,3,762.0
2021-07-12,20.0,73.0,3,757.7
2021-07-13,21.0,64.0,4,761.2
2021-07-14,21.0,64.0,4,763.5
2021-07-15,20.0,69.0,4,766.6
2021-07-16,22.0,47.0,3,770.4
2021-07-17,24.0,57.0,3,771.9
2021-07-18,28.0,51.0,3,768.9
2021-07-19,29.0,48.0,2,765.8
2021-07-20,28.0,51.0,3,765.0
2021-07-21,27.0,54.0,3,767.3
2021-07-22,25.0,57.0,3,768.1
2021-07-23,22.0,61.0,7,762.8
2021-07-24,19.0,88.0,4,756.2
2021-07-25,20.0,83.0,2,755.4
2021-07-26,22.0,65.0,2,758.2
2021-07-27,21.0,64.0,4,756.9
2021-07-28,19.0,68.0,6,755.4
2021-07-29,19.0,52.0,7,757.7
2021-07-30,18.0,73.0,7,750.1
2021-07-31,20.0,64.0,5,756.9
2021-08-01,19.0,73.0,4,758.2
2021-08-02,19.0,56.0,3,761.2
2021-08-03,18.0,64.0,4,759.7
2021-08-04,20.0,60.0,3,759.7
2021-08-05,21.0,57.0,6,754.6
2021-08-06,19.0,83.0,6,749.3
2021-08-07,16.0,88.0,3,747.0
2021-08-08,17.0,83.0,6,753.9
2021-08-09,20.0,64.0,6,758.2
2021-08-10,21.0,60.0,5,761.2
2021-08-11,22.0,57.0,4,764.3
2021-08-12,21.0,73.0,5,763.5
2021-08-13,19.0,68.0,6,766.6
2021-08-14,21.0,64.0,5,765.0
2021-08-15,21.0,73.0,5,759.7
2021-08-16,17.0,64.0,7,762.8
2021-08-17,17.0,73.0,6,764.3
2021-08-18,20.0,64.0,6,762.0
2021-08-19,19.0,60.0,5,761.2
2021-08-20,19.0,68.0,4,762.8
2021-08-21,19.0,83.0,3,762.0
2021-08-22,19.0,78.0,5,764.3
2021-08-23,18.0,73.0,3,771.9
2021-08-24,20.0,60.0,6,772.7
2021-08-25,20.0,56.0,3,769.6
2021-08-26,17.0,64.0,5,766.6
2021-08-27,18.0,60.0,3,767.3
2021-08-28,19.0,64.0,4,769.6
2021-08-29,18.0,60.0,3,768.9
2021-08-30,16.0,83.0,3,769.6
2021-08-31,18.0,68.0,4,772.7
2021-09-01,17.0,68.0,4,773.4
2021-09-02,17.0,68.0,6,771.9
2021-09-03,19.0,73.0,4,766.6
2021-09-04,18.0,78.0,6,764.3
2021-09-05,22.0,69.0,4,765.8
2021-09-06,23.0,65.0,3,768.1
2021-09-07,27.0,51.0,3,766.6
2021-09-08,26.0,48.0,6,759.7
2021-09-09,21.0,78.0,4,756.9
2021-09-10,19.0,88.0,4,758.2
2021-09-11,21.0,64.0,5,762.8
2021-09-12,20.0,60.0,1,764.3
2021-09-13,20.0,64.0,6,764.3
2021-09-14,18.0,94.0,2,758.2
2021-09-15,18.0,73.0,4,760.5
2021-09-16,21.0,64.0,4,763.5
2021-09-17,20.0,64.0,1,761.2
2021-09-18,23.0,53.0,4,761.2
2021-09-19,21.0,64.0,2,760.5
2021-09-20,17.0,77.0,4,767.3
2021-09-21,19.0,52.0,3,773.4
2021-09-22,20.0,60.0,3,771.1
2021-09-23,20.0,69.0,7,765.0
2021-09-24,19.0,64.0,6,762.0
2021-09-25,17.0,88.0,2,761.2
2021-09-26,20.0,78.0,4,759.0
2021-09-27,16.0,59.0,10,757.7
2021-09-28,16.0,77.0,5,762.8
2021-09-29,15.0,55.0,8,765.0
2021-09-30,16.0,68.0,7,765.8
2021-10-01,17.0,77.0,6,756.9
2021-10-02,13.0,88.0,6,749.3
2021-10-03,15.0,59.0,6,748.5
2021-10-04,15.0,63.0,6,757.7
2021-10-05,13.0,77.0,8,750.1
2021-10-06,15.0,59.0,7,764.3
2021-10-07,17.0,88.0,4,769.6
2021-10-08,17.0,83.0,2,773.4
2021-10-09,16.0,77.0,1,771.9
2021-10-10,15.0,94.0,3,772.7
2021-10-11,12.0,77.0,2,773.4
2021-10-12,14.0,72.0,4,768.9
2021-10-13,14.0,67.0,3,771.1
2021-10-14,16.0,68.0,6,768.1
2021-10-15,13.0,72.0,3,766.6
2021-10-16,12.0,94.0,2,765.8
2021-10-17,15.0,77.0,3,763.5
2021-10-18,17.0,77.0,4,762.8
2021-10-19,20.0,69.0,9,759.7
2021-10-20,18.0,73.0,7,749.3
2021-10-21,10.0,62.0,6,758.2
2021-10-22,12.0,67.0,7,765.8
2021-10-23,13.0,55.0,2,770.4
2021-10-24,15.0,55.0,5,763.5
2021-10-25,16.0,68.0,5,761.2
2021-10-26,15.0,82.0,5,763.5
2021-10-27,17.0,64.0,6,764.3
2021-10-28,16.0,68.0,6,757.7
2021-10-29,15.0,82.0,7,747.0
2021-10-30,14.0,72.0,6,746.3
2021-10-31,13.0,82.0,8,742.4
2021-11-01,13.0,59.0,6,746.3
2021-11-02,11.0,67.0,2,749.3
2021-11-03,8.0,82.0,2,753.1
2021-11-04,9.0,76.0,4,760.5
2021-11-05,7.0,71.0,3,770.4
2021-11-06,12.0,77.0,6,769.6
2021-11-07,12.0,58.0,6,766.6
2021-11-08,10.0,71.0,2,768.1
2021-11-09,15.0,68.0,4,768.1
2021-11-10,13.0,94.0,3,768.1
2021-11-11,15.0,72.0,3,768.1
2021-11-12,13.0,94.0,5,758.2
2021-11-13,13.0,72.0,5,762.0
2021-11-14,13.0,82.0,3,768.1
2021-11-15,11.0,82.0,1,771.1
2021-11-16,11.0,67.0,2,767.3
2021-11-17,11.0,67.0,5,768.9
2021-11-18,12.0,77.0,6,771.9
2021-11-19,13.0,72.0,3,773.4
2021-11-20,11.0,82.0,3,768.9
2021-11-21,8.0,71.0,5,764.3
2021-11-22,9.0,71.0,3,773.4
2021-11-23,7.0,81.0,2,774.7
2021-11-24,7.0,87.0,2,767.3
2021-11-25,6.0,66.0,3,763.5
2021-11-26,9.0,82.0,9,744.0
2021-11-27,6.0,81.0,5,746.3
2021-11-28,3.0,65.0,4,
2021-11-29,2.0,81.0,3,762.0
2021-11-30,11.0,82.0,7,759.0
2021-12-01,9.0,71.0,9,747.8
2021-12-02,4.0,65.0,5,758.2
2021-12-03,8.0,93.0,2,753.1
2021-12-04,7.0,71.0,8,748.5
2021-12-05,6.0,87.0,6,754.6
2021-12-06,6.0,87.0,5,756.9
2021-12-07,7.0,81.0,6,749.3
2021-12-08,8.0,62.0,8,742.4
2021-12-09,6.0,76.0,4,752.3
2021-12-10,6.0,76.0,9,749.3
2021-12-11,7.0,76.0,2,762.8
2021-12-12,13.0,88.0,4,765.8
2021-12-13,12.0,77.0,4,768.1
2021-12-14,13.0,77.0,3,770.4
2021-12-15,13.0,72.0,4,773.4
2021-12-16,12.0,72.0,2,779.3
2021-12-17,7.0,93.0,4,781.6
2021-12-18,8.0,93.0,5,780.0
2021-12-19,4.0,,2,776.2
2021-12-20,7.0,71.0,5,772.7
2021-12-21,6.0,71.0,1,769.6
2021-12-22,4.0,81.0,4,765.0
2021-12-23,9.0,87.0,5,756.2
2021-12-24,9.0,94.0,2,753.9
2021-12-25,7.0,93.0,9,753.9
2021-12-26,7.0,100.0,3,750.8
2021-12-27,10.0,94.0,3,744.7
2021-12-28,9.0,82.0,8,741.9
2021-12-29,13.0,94.0,4,750.8
2021-12-30,14.0,88.0,6,759.7
2021-12-31,14.0,82.0,7,762.0
2022-01-01,15.0,68.0,6,763.5
2022-01-02,12.0,77.0,6,758.2
2022-01-03,11.0,72.0,7,756.9
2022-01-04,5.0,87.0,5,750.1
2022-01-05,6.0,66.0,7,760.5
2022-01-06,4.0,70.0,3,763.5
2022-01-07,6.0,66.0,8,757.7
2022-01-08,10.0,88.0,6,749.3
2022-01-09,6.0,76.0,5,752.3
2022-01-10,6.0,87.0,2,765.0
2022-01-11,10.0,94.0,2,772.7
2022-01-12,6.0,87.0,1,781.6
2022-01-13,7.0,81.0,2,781.6
2022-01-14,7.0,71.0,1,777.7
2022-01-15,5.0,,2,769.6
2022-01-16,7.0,93.0,4,770.4
2022-01-17,6.0,76.0,2,779.3
2022-01-18,5.0,81.0,1,779.3
2022-01-19,8.0,76.0,7,769.6
2022-01-20,5.0,66.0,5,777.7
2022-01-21,3.0,75.0,3,780.0
2022-01-22,6.0,76.0,4,778.5
2022-01-23,7.0,71.0,2,777.0
2022-01-24,4.0,81.0,2,775.5
2022-01-25,3.0,81.0,2,776.2
2022-01-26,7.0,71.0,2,775.5
2022-01-27,10.0,88.0,6,770.4
2022-01-28,7.0,81.0,3,777.0
2022-01-29,13.0,67.0,9,769.6
2022-01-30,6.0,71.0,2,775.5
2022-01-31,8.0,43.0,9,768.1
2022-02-01,12.0,72.0,10,765.0
2022-02-02,12.0,67.0,5,768.1
2022-02-03,9.0,76.0,6,760.5
2022-02-04,4.0,87.0,6,757.7
2022-02-05,8.0,66.0,7,765.0
2022-02-06,10.0,67.0,10,753.9
2022-02-07,8.0,66.0,4,771.1
2022-02-08,12.0,67.0,7,770.4
2022-02-09,12.0,67.0,5,768.1
2022-02-10,7.0,66.0,4,767.3
2022-02-11,7.0,66.0,2,775.5
2022-02-12,7.0,61.0,5,767.3
2022-02-13,8.0,76.0,6,752.3
2022-02-14,9.0,66.0,8,749.3
2022-02-15,10.0,82.0,6,754.6
2022-02-16,15.0,68.0,9,747.8
2022-02-17,10.0,58.0,8,758.2
2022-02-18,11.0,54.0,13,740.4
2022-02-19,8.0,66.0,5,758.2
2022-02-20,12.0,82.0,11,
2022-02-21,10.0,62.0,12,753.9
2022-02-22,14.0,59.0,8,761.2
2022-02-23,10.0,67.0,6,767.3
2022-02-24,7.0,71.0,7,755.4
2022-02-25,9.0,58.0,6,770.4
2022-02-26,10.0,58.0,5,773.4
2022-02-27,9.0,46.0,5,768.9
2022-02-28,13.0,63.0,5,768.9
2022-03-01,8.0,93.0,4,770.4
2022-03-02,7.0,87.0,5,766.6
2022-03-03,11.0,82.0,3,761.2
2022-03-04,8.0,87.0,4,764.3
2022-03-05,6.0,87.0,5,768.1
2022-03-06,7.0,53.0,7,772.7
2022-03-07,6.0,57.0,9,769.6
2022-03-08,9.0,54.0,6,761.2
2022-03-09,12.0,63.0,5,762.8
2022-03-10,14.0,59.0,5,763.5
2022-03-11,13.0,63.0,8,753.1
2022-03-12,12.0,58.0,7,758.2
2022-03-13,12.0,63.0,7,754.6
2022-03-14,12.0,63.0,4,768.9
2022-03-15,13.0,63.0,4,766.6
2022-03-16,10.0,88.0,4,763.5
2022-03-17,12.0,47.0,4,773.9
2022-03-18,13.0,67.0,5,783.1
2022-03-19,12.0,58.0,10,778.5
2022-03-20,9.0,54.0,3,
2022-03-21,13.0,55.0,4,771.9
2022-03-22,16.0,59.0,4,771.9
2022-03-23,17.0,42.0,2,773.4
2022-03-24,16.0,39.0,2,773.4
2022-03-25,15.0,48.0,4,774.7
2022-03-26,15.0,51.0,6,774.7
2022-03-27,9.0,94.0,5,773.9
2022-03-28,8.0,87.0,3,768.1
2022-03-29,9.0,82.0,4,759.7
2022-03-30,11.0,77.0,2,754.6
2022-03-31,6.0,46.0,5,756.9
2022-04-01,7.0,42.0,6,762.8
2022-04-02,7.0,49.0,5,767.3
2022-04-03,8.0,46.0,4,769.6
2022-04-04,10.0,88.0,6,758.2
2022-04-05,13.0,63.0,6,756.9
2022-04-06,13.0,67.0,7,747.8
2022-04-07,12.0,47.0,12,740.4
2022-04-08,8.0,62.0,2,748.5
2022-04-09,10.0,43.0,7,762.0
2022-04-10,12.0,38.0,3,765.0
2022-04-11,14.0,48.0,10,757.7
2022-04-12,18.0,60.0,3,753.9
2022-04-13,17.0,59.0,5,762.0
2022-04-14,18.0,56.0,4,766.6
2022-04-15,19.0,52.0,2,770.4
2022-04-16,15.0,59.0,6,773.4
2022-04-17,17.0,42.0,5,767.3
2022-04-18,15.0,42.0,3,763.5
2022-04-19,14.0,59.0,2,762.0
2022-04-20,16.0,39.0,8,762.0
2022-04-21,17.0,49.0,6,759.7
2022-04-22,14.0,59.0,8,756.2
2022-04-23,15.0,59.0,9,753.1
2022-04-24,16.0,48.0,7,756.2
2022-04-25,12.0,63.0,4,762.0
2022-04-26,13.0,38.0,4,767.3
2022-04-27,10.0,58.0,3,771.1
2022-04-28,12.0,58.0,5,773.9
2022-04-29,10.0,54.0,5,773.9
2022-04-30,14.0,51.0,2,772.7
2022-05-01,16.0,42.0,5,767.3
2022-05-02,15.0,55.0,1,765.8
2022-05-03,12.0,82.0,2,766.6
2022-05-04,16.0,63.0,5,764.3
2022-05-05,16.0,55.0,3,768.1
2022-05-06,21.0,33.0,5,768.9
2022-05-07,15.0,82.0,4,769.6
2022-05-08,16.0,55.0,5,772.7
2022-05-09,21.0,46.0,5,767.3
2022-05-10,16.0,77.0,5,761.2
2022-05-11,16.0,63.0,7,756.9
2022-05-12,17.0,45.0,7,764.3
2022-05-13,16.0,59.0,7,765.0
2022-05-14,20.0,49.0,2,766.6
2022-05-15,16.0,83.0,4,762.0
2022-05-16,19.0,68.0,6,762.0
2022-05-17,24.0,47.0,4,763.5
2022-05-18,21.0,46.0,4,765.8
2022-05-19,18.0,60.0,5,764.3
2022-05-20,13.0,88.0,2,763.5
2022-05-21,18.0,49.0,5,765.8
2022-05-22,21.0,43.0,3,760.5
2022-05-23,17.0,68.0,3,750.8
2022-05-24,13.0,77.0,7,754.6
2022-05-25,15.0,72.0,7,759.7
2022-05-26,18.0,64.0,6,766.6
2022-05-27,17.0,45.0,6,768.9
2022-05-28,16.0,48.0,3,768.9
2022-05-29,14.0,51.0,3,764.3
2022-05-31,16.0,52.0,4,759.0
2022-06-01,15.0,59.0,3,762.8
2022-06-02,19.0,46.0,4,765.8
2022-06-03,22.0,41.0,7,762.8
2022-06-04,17.0,56.0,9,765.8
2022-06-05,13.0,94.0,3,762.0
2022-06-06,14.0,77.0,4,761.2
2022-06-07,20.0,53.0,2,759.0
2022-06-08,19.0,56.0,5,753.9
2022-06-09,19.0,49.0,5,762.0
2022-06-10,22.0,50.0,5,764.3
2022-06-11,20.0,46.0,5,766.6
2022-06-12,20.0,43.0,6,768.1
2022-06-13,18.0,46.0,3,769.6
2022-06-14,22.0,38.0,3,765.8
2022-06-15,24.0,39.0,4,763.5
2022-06-16,26.0,34.0,3,766.6
2022-06-17,30.0,33.0,7,764.3
2022-06-18,23.0,65.0,4,762.8
2022-06-19,17.0,49.0,4,761.2
2022-06-20,18.0,49.0,4,765.0
2022-06-21,21.0,43.0,4,761.2
2022-06-22,23.0,44.0,5,760.5
2022-06-23,20.0,69.0,1,757.7
2022-06-24,21.0,57.0,7,753.9
2022-06-25,19.0,46.0,6,756.9
2022-06-26,19.0,46.0,6,759.7
2022-06-27,19.0,52.0,7,761.2
2022-06-28,19.0,52.0,7,763.5
2022-06-29,16.0,88.0,4,759.7
2022-06-30,18.0,52.0,3,759.0
2022-07-01,20.0,49.0,5,762.0
2022-07-02,21.0,43.0,5,763.5
2022-07-03,20.0,49.0,4,764.3
2022-07-04,21.0,43.0,5,765.8
2022-07-05,20.0,46.0,6,768.9
2022-07-06,22.0,57.0,4,770.4
2022-07-07,19.0,60.0,5,772.7
2022-07-08,24.0,50.0,2,773.9
2022-07-09,22.0,50.0,5,773.4
2022-07-10,24.0,44.0,3,770.4
2022-07-11,28.0,37.0,4,767.3
2022-07-12,29.0,40.0,4,766.6
2022-07-13,26.0,45.0,4,766.6
2022-07-14,21.0,43.0,4,767.3
2022-07-15,23.0,36.0,4,768.1
2022-07-16,24.0,44.0,3,769.6
2022-07-17,28.0,32.0,4,769.6
2022-07-18,34.0,23.0,3,765.0
2022-07-19,38.0,17.0,5,758.2
2022-07-20,26.0,51.0,6,761.2
2022-07-21,22.0,61.0,3,766.6
2022-07-22,21.0,57.0,6,765.0
2022-07-23,25.0,34.0,5,764.3
2022-07-24,26.0,42.0,8,760.5
2022-07-25,23.0,50.0,7,757.7
2022-07-26,19.0,60.0,2,765.0
2022-07-27,20.0,56.0,3,765.8
2022-07-28,21.0,50.0,7,762.8
2022-07-30,24.0,47.0,5,763.5
2022-07-31,23.0,65.0,7,761.2
2022-08-01,23.0,61.0,2,764.3
2022-08-02,24.0,65.0,7,762.0
2022-08-03,25.0,61.0,6,760.5
2022-08-04,22.0,50.0,3,761.2
2022-08-05,20.0,40.0,5,767.3
2022-08-06,21.0,38.0,2,771.9
2022-08-07,23.0,38.0,2,769.6
2022-08-08,25.0,44.0,3,770.4
2022-08-09,25.0,44.0,5,772.7
2022-08-10,26.0,51.0,5,769.6
2022-08-11,29.0,35.0,4,766.6
2022-08-12,30.0,33.0,5,763.5
2022-08-13,30.0,31.0,5,760.5
2022-08-14,31.0,27.0,5,755.4
2022-08-15,28.0,42.0,5,751.6
2022-08-16,19.0,88.0,3,756.9
2022-08-17,24.0,57.0,4,759.0
2022-08-18,23.0,61.0,3,760.5
2022-08-19,22.0,61.0,5,760.5
2022-08-20,21.0,53.0,5,763.5
2022-08-21,21.0,50.0,4,762.0
2022-08-22,22.0,57.0,4,760.5
2022-08-23,24.0,61.0,4,760.5
2022-08-24,25.0,61.0,4,762.8
2022-08-25,19.0,94.0,2,762.8
2022-08-26,21.0,50.0,1,765.0
2022-08-27,23.0,50.0,4,764.3
2022-08-28,23.0,50.0,6,766.6
2022-08-29,20.0,53.0,5,767.3
2022-08-30,21.0,60.0,4,767.3
2022-08-31,22.0,53.0,7,768.1
2022-09-01,21.0,50.0,6,765.0
2022-09-02,23.0,53.0,4,759.7
2022-09-03,23.0,57.0,3,756.9
2022-09-04,22.0,57.0,5,762.0
2022-09-05,21.0,73.0,3,762.8
2022-09-06,21.0,64.0,6,759.0
2022-09-07,21.0,64.0,6,756.9
2022-09-09,17.0,88.0,5,754.6
2022-09-10,18.0,78.0,2,762.0
2022-09-11,22.0,61.0,3,764.3
2022-09-12,24.0,54.0,3,759.0
2022-09-13,18.0,78.0,2,759.0
2022-09-14,19.0,73.0,3,755.4
2022-09-15,17.0,68.0,4,759.7
2022-09-16,15.0,51.0,5,763.5
2022-09-17,15.0,48.0,5,766.6
2022-09-18,16.0,55.0,6,765.8
2022-09-19,16.0,52.0,3,768.9
2022-09-20,17.0,52.0,2,770.4
2022-09-21,18.0,56.0,2,770.4
2022-09-22,19.0,56.0,5,765.0
2022-09-23,17.0,73.0,3,761.2
2022-09-24,16.0,63.0,5,762.8
2022-09-25,16.0,45.0,3,764.3
2022-09-26,14.0,72.0,7,750.8
2022-09-27,12.0,77.0,5,750.8
2022-09-28,13.0,63.0,5,750.1
2022-09-29,14.0,63.0,2,753.1
2022-09-30,16.0,63.0,6,755.4
2022-10-01,18.0,56.0,7,756.2
2022-10-02,16.0,63.0,4,765.8
2022-10-03,18.0,56.0,3,770.4
2022-10-04,18.0,68.0,6,762.8
2022-10-05,19.0,64.0,8,756.9
2022-10-06,17.0,56.0,7,771.9
2022-10-07,18.0,60.0,7,764.3
2022-10-08,14.0,59.0,4,768.9
2022-10-09,17.0,56.0,5,763.5
2022-10-10,14.0,59.0,5,764.3
2022-10-11,14.0,63.0,1,771.1
2022-10-12,16.0,63.0,5,765.8
2022-10-13,17.0,68.0,2,762.0
2022-10-14,16.0,77.0,5,757.7
2022-10-15,17.0,59.0,7,753.1
2022-10-16,16.0,55.0,3,759.7
2022-10-17,18.0,68.0,6,763.5
2022-10-18,16.0,68.0,4,771.9
2022-10-19,15.0,77.0,10,766.6
2022-10-20,17.0,83.0,1,754.6
2022-10-21,18.0,78.0,5,751.6
2022-10-22,17.0,68.0,5,758.2
2022-10-23,17.0,94.0,3,750.8
2022-10-24,17.0,68.0,6,753.1
2022-10-25,16.0,77.0,4,759.7
2022-10-26,19.0,68.0,8,758.2
2022-10-27,20.0,73.0,5,760.5
2022-10-28,18.0,68.0,6,761.2
2022-10-29,21.0,69.0,3,760.5
2022-10-30,15.0,82.0,3,761.2
2022-10-31,16.0,77.0,5,760.5
2022-11-01,15.0,77.0,8,756.2
2022-11-02,14.0,77.0,8,762.0
2022-11-03,11.0,94.0,2,750.1
2022-11-04,11.0,72.0,5,759.0
2022-11-05,12.0,88.0,4,760.5
2022-11-06,14.0,88.0,5,751.6
2022-11-07,15.0,82.0,6,753.9
2022-11-08,14.0,82.0,7,748.5
2022-11-09,13.0,72.0,7,755.4
2022-11-10,15.0,72.0,5,765.8
2022-11-11,16.0,72.0,6,770.4
2022-11-12,14.0,88.0,3,771.1
2022-11-13,11.0,100.0,3,765.8
2022-11-14,10.0,100.0,1,756.9
2022-11-15,12.0,94.0,6,746.3
2022-11-16,11.0,82.0,4,744.0
2022-11-17,11.0,77.0,9,738.1
2022-11-18,11.0,72.0,6,750.8
2022-11-19,10.0,76.0,3,759.7
2022-11-20,10.0,82.0,5,755.4
2022-11-21,9.0,87.0,7,744.7
2022-11-22,9.0,82.0,5,741.2
2022-11-23,12.0,72.0,8,742.4
2022-11-24,12.0,77.0,5,753.1
2022-11-25,11.0,72.0,4,762.0
2022-11-26,12.0,82.0,4,768.1
2022-11-27,13.0,94.0,2,759.7
2022-11-28,11.0,82.0,2,756.9
2022-11-29,7.0,87.0,2,765.8
2022-11-30,8.0,93.0,2,769.6
2022-12-01,8.0,82.0,2,772.7
2022-12-02,7.0,81.0,2,769.6
2022-12-03,7.0,81.0,4,765.0
2022-12-04,6.0,76.0,5,762.8
2022-12-05,8.0,76.0,3,766.6
2022-12-06,6.0,76.0,3,768.1
2022-12-07,4.0,81.0,3,766.6
2022-12-08,2.0,81.0,2,758.2
2022-12-09,3.0,81.0,3,756.2
2022-12-10,2.0,87.0,4,758.2
2022-12-11,-2.0,100.0,1,756.2
2022-12-12,0.0,87.0,2,757.7
2022-12-13,1.0,75.0,6,756.2
2022-12-14,0.0,75.0,3,754.6
2022-12-15,-1.0,69.0,3,759.0
2022-12-16,0.0,87.0,2,764.3
2022-12-17,5.0,70.0,3,767.3
2022-12-18,2.0,87.0,4,763.5
2022-12-19,13.0,88.0,8,756.2
2022-12-20,10.0,82.0,4,756.2
2022-12-21,10.0,88.0,4,755.4
2022-12-22,10.0,94.0,2,752.3
2022-12-23,9.0,100.0,2,749.3
2022-12-24,9.0,82.0,2,758.2
2022-12-25,11.0,88.0,2,756.2
2022-12-26,7.0,71.0,5,762.8
2022-12-27,10.0,76.0,5,765.8
2022-12-28,11.0,82.0,7,752.3
2022-12-29,9.0,71.0,7,751.6
2022-12-30,10.0,94.0,6,742.4
2022-12-31,13.0,88.0,6,750.8
2023-01-01,12.0,72.0,6,757.7
2023-01-02,8.0,82.0,4,762.8
2023-01-03,10.0,88.0,5,765.0
2023-01-04,14.0,77.0,9,760.5
2023-01-05,13.0,77.0,5,765.0
2023-01-06,10.0,76.0,5,762.0
2023-01-07,11.0,82.0,7,750.1
2023-01-08,10.0,76.0,7,
2023-01-09,8.0,76.0,8,750.1
2023-01-10,9.0,87.0,6,756.2
2023-01-11,10.0,67.0,8,757.7
2023-01-12,13.0,82.0,8,752.3
2023-01-13,10.0,62.0,11,756.2
2023-01-14,12.0,88.0,7,746.3
2023-01-15,8.0,66.0,8,750.1
2023-01-16,4.0,87.0,6,738.9
2023-01-17,0.0,80.0,2,741.9
2023-01-18,3.0,75.0,4,748.5
2023-01-19,3.0,81.0,3,755.4
2023-01-20,5.0,70.0,5,764.3
2023-01-21,4.0,75.0,1,775.5
2023-01-22,2.0,81.0,2,777.0
2023-01-23,1.0,87.0,2,778.5
2023-01-24,4.0,75.0,3,780.0
2023-01-25,2.0,93.0,3,775.5
2023-01-26,6.0,87.0,4,773.4
2023-01-27,7.0,71.0,3,773.4
2023-01-28,6.0,61.0,1,773.9
2023-01-29,6.0,87.0,5,770.4
2023-01-30,8.0,62.0,5,768.9
2023-01-31,9.0,82.0,6,768.1
2023-02-01,9.0,66.0,9,768.1
2023-02-02,11.0,77.0,7,771.1
2023-02-03,12.0,72.0,6,773.9
2023-02-04,10.0,71.0,3,779.3
2023-02-05,7.0,66.0,3,784.6
2023-02-06,7.0,71.0,2,782.3
2023-02-07,2.0,100.0,1,780.0
2023-02-08,0.0,100.0,2,777.0
2023-02-09,7.0,81.0,2,774.7
2023-02-10,7.0,66.0,5,777.7
2023-02-11,10.0,76.0,3,777.7
2023-02-12,9.0,82.0,2,779.3
2023-02-13,10.0,67.0,3,776.2
2023-02-14,8.0,82.0,1,773.9
2023-02-15,11.0,67.0,4,768.1
2023-02-16,11.0,82.0,6,765.0
2023-02-17,13.0,77.0,9,765.0
2023-02-18,13.0,77.0,8,766.6
2023-02-19,10.0,62.0,5,771.1
2023-02-20,10.0,82.0,7,768.1
2023-02-21,10.0,76.0,3,764.3
2023-02-22,8.0,87.0,3,758.2
2023-02-23,8.0,76.0,4,764.3
2023-02-24,7.0,81.0,3,759.0
2023-02-25,7.0,66.0,4,762.8
2023-02-26,7.0,46.0,7,771.1
2023-02-27,7.0,66.0,5,773.9
2023-02-28,6.0,81.0,3,774.7
2023-03-01,7.0,71.0,4,772.7
2023-03-02,6.0,66.0,6,769.6
2023-03-03,6.0,66.0,3,772.7
2023-03-04,6.0,76.0,4,772.7
2023-03-05,5.0,57.0,5,765.0
2023-03-06,8.0,71.0,6,754.6
2023-03-07,5.0,76.0,3,750.1
2023-03-08,2.0,93.0,8,743.2
2023-03-09,6.0,93.0,6,745.5
2023-03-10,4.0,75.0,8,750.1
2023-03-11,7.0,57.0,4,758.2
2023-03-12,12.0,72.0,7,756.2
2023-03-13,14.0,63.0,11,744.0
2023-03-14,6.0,76.0,4,754.6
2023-03-15,8.0,57.0,4,763.5
2023-03-16,13.0,67.0,6,755.4
2023-03-17,12.0,94.0,3,753.9
2023-03-18,10.0,94.0,3,754.6
2023-03-19,9.0,66.0,5,762.8
2023-03-20,12.0,82.0,5,762.8
2023-03-21,13.0,77.0,6,756.9
2023-03-22,13.0,77.0,6,750.8
2023-03-23,15.0,59.0,11,749.3
2023-03-24,14.0,59.0,7,749.3
2023-03-25,13.0,59.0,8,753.9
2023-03-26,9.0,82.0,3,753.9
2023-03-27,8.0,40.0,2,770.4
2023-03-28,8.0,82.0,7,765.0
2023-03-29,12.0,94.0,4,757.7
2023-03-30,15.0,68.0,8,753.9
2023-03-31,12.0,88.0,9,738.1
2023-04-01,9.0,87.0,3,754.6
2023-04-02,9.0,58.0,4,770.4
2023-04-03,11.0,50.0,7,773.4
2023-04-04,10.0,50.0,5,771.1
2023-04-05,11.0,47.0,3,765.8
2023-04-06,12.0,82.0,6,759.7
2023-04-07,12.0,51.0,3,765.8
2023-04-08,12.0,58.0,3,770.4
2023-04-09,14.0,55.0,4,766.6
2023-04-10,12.0,88.0,6,756.2
2023-04-11,12.0,51.0,6,759.0
2023-04-12,12.0,41.0,9,744.7
2023-04-13,13.0,38.0,7,751.6
2023-04-14,9.0,82.0,5,753.1
2023-04-15,11.0,77.0,3,764.3
2023-04-16,15.0,51.0,2,770.4
2023-04-17,13.0,67.0,4,771.1
2023-04-18,10.0,67.0,7,771.1
2023-04-19,13.0,72.0,7,769.6
2023-04-20,14.0,39.0,8,765.8
2023-04-21,8.0,82.0,4,759.0
2023-04-22,13.0,55.0,2,753.9
2023-04-23,11.0,82.0,3,750.1
2023-04-24,9.0,71.0,3,758.2
2023-04-25,9.0,46.0,3,764.3
2023-04-26,9.0,50.0,5,764.3
2023-04-27,14.0,44.0,6,762.0
2023-04-28,15.0,77.0,6,758.2
2023-04-29,14.0,67.0,3,766.6
2023-04-30,17.0,52.0,4,765.8
2023-05-01,15.0,68.0,4,763.5
2023-05-02,14.0,63.0,5,771.1
2023-05-03,13.0,59.0,7,770.4
2023-05-04,17.0,52.0,10,760.5
2023-05-05,16.0,72.0,4,760.5
2023-05-06,14.0,88.0,4,760.5
2023-05-07,17.0,73.0,2,763.5
2023-05-08,16.0,68.0,5,765.0
2023-05-09,17.0,68.0,4,757.7
2023-05-10,19.0,56.0,4,759.7
2023-05-11,17.0,56.0,2,762.0
2023-05-12,12.0,88.0,5,766.6
2023-05-13,12.0,82.0,4,770.4
2023-05-14,14.0,72.0,1,765.8
2023-05-15,13.0,55.0,5,765.0
2023-05-16,16.0,45.0,5,768.9
2023-05-17,16.0,52.0,2,771.9
2023-05-18,17.0,56.0,3,771.9
2023-05-19,13.0,72.0,3,771.1
2023-05-20,18.0,52.0,4,768.9
2023-05-21,17.0,52.0,7,766.6
2023-05-22,15.0,59.0,5,765.8
2023-05-23,15.0,55.0,5,770.4
2023-05-24,18.0,52.0,3,768.9
2023-05-25,16.0,59.0,4,772.7
2023-05-26,16.0,48.0,7,773.9
2023-05-27,17.0,56.0,4,770.4
2023-05-28,19.0,30.0,5,767.3
2023-05-29,14.0,59.0,7,771.1
2023-05-30,15.0,59.0,4,772.7
2023-05-31,15.0,68.0,5,770.4
2023-06-01,14.0,63.0,4,769.6
2023-06-02,15.0,51.0,5,768.9
2023-06-03,18.0,60.0,4,767.3
2023-06-04,20.0,43.0,4,768.1
2023-06-05,14.0,67.0,4,768.9
2023-06-06,14.0,67.0,5,768.1
2023-06-07,16.0,63.0,5,767.3
2023-06-08,18.0,56.0,5,764.3
2023-06-09,22.0,57.0,6,760.5
2023-06-10,27.0,45.0,5,759.7
2023-06-12,26.0,58.0,3,761.2
2023-06-13,27.0,37.0,7,760.5
2023-06-14,26.0,42.0,4,762.8
2023-06-15,25.0,36.0,4,765.0
2023-06-16,25.0,34.0,3,765.0
2023-06-17,23.0,47.0,6,760.5
2023-06-18,27.0,51.0,4,756.2
2023-06-19,23.0,53.0,6,758.2
2023-06-20,22.0,69.0,5,755.4
2023-06-21,23.0,50.0,5,762.8
2023-06-22,27.0,42.0,2,763.5
2023-06-23,24.0,47.0,4,768.1
2023-06-24,26.0,54.0,4,767.3
2023-06-25,29.0,40.0,6,760.5
2023-06-26,22.0,36.0,6,765.0
2023-06-27,22.0,44.0,5,765.8
2023-06-28,21.0,78.0,4,762.8
2023-06-29,18.0,73.0,4,762.8
2023-06-30,20.0,53.0,6,759.7
2023-07-01,20.0,53.0,7,753.9
2023-07-02,19.0,46.0,6,759.0
2023-07-03,19.0,49.0,7,758.2
2023-07-04,19.0,52.0,4,758.2
2023-07-05,17.0,68.0,6,759.0
2023-07-06,20.0,43.0,4,762.8
2023-07-07,27.0,39.0,5,762.0
2023-07-08,25.0,57.0,4,762.0
2023-07-09,22.0,44.0,3,764.3
2023-07-10,22.0,53.0,6,765.0
2023-07-11,23.0,50.0,6,757.7
2023-07-12,21.0,53.0,5,759.0
2023-07-13,21.0,57.0,5,762.8
2023-07-14,17.0,88.0,5,756.9
2023-07-15,21.0,53.0,9,750.1
2023-07-16,21.0,43.0,6,757.7
2023-07-17,21.0,53.0,6,763.5
2023-07-18,21.0,46.0,2,763.5
2023-07-19,20.0,64.0,5,761.2
2023-07-20,22.0,44.0,4,761.2
2023-07-21,20.0,49.0,5,760.5
2023-07-22,19.0,56.0,7,758.2
2023-07-23,22.0,61.0,6,753.1
2023-07-24,15.0,88.0,4,754.6
2023-07-25,18.0,49.0,5,757.7
2023-07-26,21.0,38.0,4,759.7
2023-07-27,22.0,73.0,7,752.3
2023-07-28,20.0,73.0,5,754.6
2023-07-29,21.0,57.0,5,754.6
2023-07-30,21.0,57.0,7,758.2
2023-07-31,20.0,78.0,7,753.1
2023-08-01,20.0,53.0,7,751.6
2023-08-02,20.0,60.0,7,740.4
2023-08-03,19.0,56.0,5,753.9
2023-08-04,18.0,73.0,5,763.5
2023-08-05,15.0,88.0,5,753.1
2023-08-06,18.0,56.0,8,762.8
2023-08-07,20.0,46.0,7,765.0
2023-08-08,16.0,88.0,3,761.2
2023-08-09,21.0,50.0,3,764.3
2023-08-10,24.0,57.0,4,764.3
2023-08-11,24.0,61.0,5,763.5
2023-08-12,22.0,53.0,6,760.5
2023-08-13,21.0,57.0,4,759.7
2023-08-14,21.0,69.0,5,757.7
2023-08-15,22.0,57.0,4,762.0
2023-08-16,24.0,50.0,3,765.8
2023-08-17,22.0,65.0,6,765.8
2023-08-18,20.0,83.0,7,760.5
2023-08-19,24.0,50.0,6,760.5
2023-08-20,24.0,50.0,5,766.6
2023-08-21,22.0,57.0,4,768.1
2023-08-22,23.0,57.0,4,765.8
2023-08-23,24.0,44.0,3,765.0
2023-08-24,24.0,65.0,3,759.0
2023-08-25,20.0,43.0,4,757.7
2023-08-26,18.0,64.0,4,756.2
2023-08-27,19.0,56.0,5,757.7
2023-08-28,18.0,64.0,4,761.2
2023-08-29,19.0,49.0,4,759.0
2023-08-30,18.0,56.0,4,756.2
2023-08-31,17.0,68.0,3,757.7
2023-09-01,20.0,83.0,2,757.7
2023-09-02,21.0,69.0,5,765.8
2023-09-03,23.0,65.0,2,771.1
2023-09-04,25.0,54.0,5,767.3
2023-09-05,28.0,45.0,7,762.8
2023-09-06,27.0,54.0,3,764.3
2023-09-07,27.0,51.0,4,762.8
2023-09-08,28.0,51.0,3,762.8
2023-09-09,30.0,46.0,2,762.0
2023-09-10,28.0,58.0,4,761.2
2023-09-11,25.0,54.0,4,760.5
2023-09-12,22.0,65.0,3,760.5
2023-09-13,18.0,64.0,4,766.6
2023-09-14,21.0,53.0,4,765.8
2023-09-15,23.0,53.0,3,761.2
2023-09-16,25.0,54.0,4,759.7
2023-09-17,19.0,83.0,8,759.0
2023-09-18,18.0,78.0,3,749.3
2023-09-19,19.0,68.0,10,753.9
2023-09-20,20.0,64.0,9,749.3
2023-09-21,17.0,68.0,3,747.0
2023-09-22,17.0,52.0,4,750.8
2023-09-23,17.0,59.0,4,762.8
2023-09-24,19.0,73.0,7,764.3
2023-09-25,21.0,53.0,5,765.0
2023-09-26,23.0,61.0,6,762.0
2023-09-27,21.0,64.0,6,761.2
2023-09-28,18.0,60.0,4,761.2
2023-09-29,19.0,56.0,5,765.0
2023-09-30,18.0,56.0,3,769.6
2023-10-01,22.0,73.0,5,765.8
2023-10-02,18.0,88.0,2,763.5
2023-10-03,18.0,56.0,7,764.3
2023-10-04,17.0,64.0,8,770.4
2023-10-05,18.0,56.0,4,768.9
2023-10-06,19.0,68.0,6,768.1
2023-10-07,21.0,60.0,6,767.3
2023-10-08,22.0,53.0,3,768.9
2023-10-09,21.0,57.0,3,766.6
2023-10-10,23.0,53.0,4,762.8
2023-10-11,20.0,73.0,5,759.7
2023-10-12,15.0,94.0,2,759.7
2023-10-13,20.0,83.0,8,750.1
2023-10-14,12.0,63.0,5,763.5
2023-10-15,9.0,54.0,4,770.4
2023-10-16,11.0,58.0,3,766.6
2023-10-17,14.0,59.0,10,762.0
2023-10-18,14.0,72.0,9,747.8
2023-10-19,18.0,83.0,5,738.9
2023-10-20,15.0,88.0,3,732.8
2023-10-21,16.0,83.0,4,737.4
2023-10-22,15.0,59.0,4,754.6
2023-10-23,14.0,82.0,5,756.2
2023-10-24,14.0,72.0,4,751.6
2023-10-25,12.0,82.0,2,746.3
2023-10-26,14.0,82.0,3,744.0
2023-10-27,13.0,77.0,4,743.2
2023-10-28,15.0,72.0,5,743.2
2023-10-29,12.0,88.0,6,741.9
2023-10-30,12.0,82.0,3,747.0
2023-10-31,14.0,77.0,2,750.8
2023-11-01,14.0,82.0,4,743.2
2023-11-02,11.0,88.0,8,720.9
2023-11-03,12.0,72.0,5,737.4
2023-11-04,11.0,88.0,2,723.9
2023-11-05,13.0,63.0,8,737.4
2023-11-06,12.0,67.0,6,749.3
2023-11-07,12.0,67.0,5,756.9
2023-11-08,13.0,88.0,7,751.6
2023-11-09,10.0,76.0,6,747.8
2023-11-10,9.0,87.0,3,744.7
2023-11-11,9.0,76.0,4,756.2
2023-11-12,8.0,93.0,2,753.9
2023-11-13,15.0,68.0,10,746.3
2023-11-14,13.0,82.0,3,751.6
2023-11-15,12.0,67.0,6,762.0
2023-11-16,8.0,82.0,2,758.2
2023-11-17,9.0,76.0,3,765.8
2023-11-18,14.0,94.0,4,756.9
2023-11-19,14.0,67.0,8,755.4
2023-11-20,11.0,82.0,3,756.2
2023-11-21,11.0,82.0,3,767.3
2023-11-22,9.0,76.0,4,772.7
2023-11-23,12.0,77.0,6,769.6
2023-11-24,8.0,57.0,4,765.0
2023-11-25,5.0,66.0,5,765.8
2023-11-26,4.0,75.0,1,762.8
2023-11-27,10.0,88.0,6,747.8
2023-11-28,7.0,76.0,4,758.2
2023-11-29,5.0,76.0,2,753.9
2023-11-30,4.0,75.0,3,752.3
2023-12-01,2.0,81.0,2,756.2
2023-12-02,0.0,93.0,3,762.0
2023-12-03,7.0,93.0,2,758.2
2023-12-04,7.0,93.0,4,747.0
2023-12-05,6.0,93.0,4,756.2
2023-12-06,6.0,76.0,1,763.5
2023-12-07,8.0,76.0,6,756.9
2023-12-08,11.0,82.0,4,753.9
2023-12-09,12.0,88.0,4,742.4
2023-12-10,11.0,77.0,6,752.3
2023-12-11,11.0,72.0,5,753.9
2023-12-12,12.0,82.0,4,748.5
2023-12-13,8.0,76.0,5,751.6
2023-12-14,6.0,81.0,4,765.8
2023-12-15,8.0,76.0,4,777.7
2023-12-16,11.0,88.0,5,779.3
2023-12-17,11.0,72.0,6,775.5
2023-12-18,11.0,77.0,6,771.9
2023-12-19,10.0,94.0,3,763.5
2023-12-20,10.0,76.0,9,764.3
2023-12-21,13.0,72.0,8,753.9
2023-12-22,12.0,67.0,10,759.0
2023-12-23,12.0,67.0,9,759.7
2023-12-24,15.0,77.0,8,753.9
2023-12-25,13.0,82.0,6,756.9
2023-12-26,9.0,71.0,4,763.5
2023-12-27,12.0,82.0,8,754.6
2023-12-28,13.0,67.0,9,754.6
2023-12-29,11.0,77.0,5,754.6
2023-12-30,11.0,82.0,5,755.4
2023-12-31,9.0,82.0,6,741.2
2024-01-01,9.0,66.0,5,753.9
2024-01-02,13.0,88.0,6,737.4
2024-01-03,12.0,67.0,6,741.9
2024-01-04,9.0,71.0,3,752.3
2024-01-05,7.0,81.0,6,751.6
2024-01-06,6.0,81.0,4,762.8
2024-01-07,5.0,61.0,4,770.4
2024-01-08,3.0,70.0,7,774.7
2024-01-09,4.0,65.0,9,773.9
2024-01-10,5.0,57.0,5,771.9
2024-01-11,4.0,75.0,4,778.5
2024-01-12,6.0,76.0,4,777.7
2024-01-13,3.0,81.0,3,769.6
2024-01-14,5.0,76.0,3,759.7
2024-01-15,2.0,60.0,7,758.2
2024-01-16,3.0,56.0,3,756.9
2024-01-17,3.0,65.0,3,743.2
2024-01-18,0.0,64.0,4,755.4
2024-01-19,3.0,65.0,4,767.3
2024-01-20,6.0,66.0,6,768.9
2024-01-21,11.0,82.0,5,759.7
2024-01-22,10.0,67.0,8,756.2
2024-01-23,10.0,88.0,6,765.0
2024-01-24,12.0,63.0,7,768.9
2024-01-25,12.0,82.0,4,768.9
2024-01-26,9.0,50.0,8,772.7
2024-01-27,8.0,71.0,3,776.2
2024-01-28,9.0,71.0,2,767.3
2024-01-29,12.0,82.0,5,767.3
2024-01-30,9.0,71.0,6,771.1
2024-01-31,8.0,66.0,6,773.4
2024-02-01,8.0,66.0,4,776.2
2024-02-02,11.0,82.0,7,772.7
2024-02-03,13.0,77.0,6,771.1
2024-02-04,13.0,82.0,7,768.9
2024-02-05,11.0,67.0,9,765.0
2024-02-06,14.0,63.0,11,756.9
2024-02-07,6.0,87.0,3,754.6
2024-02-08,6.0,100.0,7,743.2
2024-02-09,12.0,82.0,6,733.6
2024-02-10,10.0,94.0,2,738.1
2024-02-11,9.0,87.0,3,743.2
2024-02-12,8.0,66.0,5,754.6
2024-02-13,9.0,82.0,3,760.5
2024-02-14,13.0,88.0,4,759.7
2024-02-15,15.0,72.0,4,756.9
2024-02-16,12.0,77.0,6,762.0
2024-02-17,13.0,82.0,4,772.7
2024-02-18,13.0,88.0,6,768.1
2024-02-19,11.0,88.0,5,771.9
2024-02-20,10.0,82.0,5,770.4
2024-02-21,10.0,88.0,6,754.6
2024-02-22,12.0,88.0,5,735.1
2024-02-23,9.0,66.0,6,740.4
2024-02-24,8.0,66.0,2,747.0
2024-02-25,8.0,76.0,6,747.0
2024-02-26,8.0,62.0,6,757.7
2024-02-27,7.0,66.0,2,766.6
2024-02-28,10.0,82.0,4,764.3
2024-02-29,11.0,88.0,5,752.3
2024-03-01,7.0,76.0,8,743.2
2024-03-02,6.0,93.0,4,744.0
2024-03-03,6.0,81.0,2,752.3
2024-03-04,11.0,62.0,4,757.7
2024-03-05,8.0,87.0,2,759.7
2024-03-06,9.0,76.0,2,766.6
2024-03-07,10.0,76.0,6,765.8
2024-03-08,9.0,62.0,10,755.4
2024-03-09,11.0,67.0,7,746.3
2024-03-10,9.0,94.0,3,747.0
2024-03-11,8.0,87.0,3,754.6
2024-03-12,11.0,94.0,3,757.7
2024-03-13,13.0,77.0,5,759.7
2024-03-14,14.0,72.0,4,756.2
2024-03-15,14.0,72.0,8,753.9
2024-03-16,12.0,63.0,2,766.6
2024-03-17,13.0,88.0,5,760.5
2024-03-18,13.0,77.0,3,762.0
2024-03-19,13.0,77.0,5,762.0
2024-03-20,15.0,68.0,2,763.5
2024-03-21,15.0,68.0,4,769.6
2024-03-22,11.0,82.0,4,763.5
2024-03-23,10.0,50.0,10,758.2
2024-03-24,11.0,50.0,9,758.2
2024-03-25,10.0,67.0,4,750.8
2024-03-26,13.0,59.0,5,741.9
2024-03-27,12.0,51.0,8,735.8
2024-03-28,9.0,76.0,6,735.1
2024-03-29,11.0,82.0,6,741.2
2024-03-30,14.0,55.0,3,746.3
2024-03-31,10.0,88.0,7,745.5
2024-04-01,12.0,58.0,4,746.3
2024-04-02,14.0,63.0,5,753.1
2024-04-03,13.0,77.0,6,748.5
2024-04-04,15.0,59.0,9,752.3
2024-04-05,17.0,59.0,9,752.3
2024-04-06,19.0,52.0,7,750.1
2024-04-07,16.0,55.0,8,757.7
2024-04-08,15.0,63.0,4,753.9
2024-04-09,9.0,76.0,8,755.4
2024-04-10,14.0,51.0,7,769.6
2024-04-11,16.0,77.0,3,773.4
2024-04-12,20.0,53.0,7,771.9
2024-04-13,18.0,64.0,6,766.6
2024-04-14,14.0,41.0,4,768.1
2024-04-15,12.0,51.0,10,753.1
2024-04-16,11.0,62.0,5,759.7
2024-04-17,11.0,47.0,6,761.2
2024-04-18,12.0,47.0,2,768.1
2024-04-19,12.0,77.0,7,762.0
2024-04-20,9.0,58.0,5,771.9
2024-04-21,9.0,58.0,4,772.7
2024-04-22,9.0,58.0,3,771.1
2024-04-23,8.0,82.0,5,767.3
2024-04-24,8.0,53.0,5,762.8
2024-04-25,12.0,47.0,5,752.3
2024-04-26,11.0,47.0,3,753.9
2024-04-27,9.0,87.0,3,753.1
2024-04-28,8.0,76.0,7,753.9
2024-04-29,15.0,51.0,7,761.2
2024-04-30,18.0,52.0,5,758.2
2024-05-01,17.0,73.0,3,756.2
2024-05-02,13.0,88.0,3,750.8
2024-05-03,11.0,88.0,7,756.9
2024-05-04,15.0,59.0,3,758.2
2024-05-05,18.0,46.0,3,756.2
2024-05-06,13.0,88.0,2,756.2
2024-05-07,18.0,49.0,3,766.6
2024-05-08,16.0,63.0,3,772.7
2024-05-09,20.0,53.0,3,770.4
2024-05-10,21.0,50.0,3,768.1
2024-05-11,19.0,68.0,6,765.8
2024-05-12,23.0,57.0,5,759.7
2024-05-13,16.0,77.0,5,756.2
2024-05-14,16.0,72.0,4,750.8
2024-05-15,18.0,64.0,4,753.9
2024-05-16,15.0,82.0,1,753.9
2024-05-17,20.0,49.0,3,757.7
2024-05-18,15.0,82.0,2,760.5
2024-05-19,20.0,56.0,4,760.5
2024-05-20,17.0,56.0,4,760.5
2024-05-21,14.0,88.0,2,756.9
2024-05-22,15.0,88.0,6,754.6
2024-05-23,16.0,68.0,6,760.5
2024-05-24,16.0,55.0,2,764.3
2024-05-25,18.0,56.0,2,762.8
2024-05-26,19.0,60.0,7,758.2
2024-05-27,16.0,55.0,6,761.2
2024-05-28,17.0,83.0,3,759.0
2024-05-29,18.0,56.0,6,756.9
2024-05-30,14.0,82.0,5,757.7
2024-05-31,13.0,82.0,7,763.5
2024-06-01,14.0,72.0,5,769.6
2024-06-02,19.0,56.0,4,770.4
2024-06-03,18.0,68.0,4,765.8
2024-06-04,21.0,57.0,6,757.7
2024-06-05,16.0,42.0,6,760.5
2024-06-06,17.0,45.0,4,762.8
2024-06-07,19.0,40.0,6,764.3
2024-06-08,17.0,59.0,5,759.0
2024-06-09,16.0,48.0,6,759.7
2024-06-10,13.0,63.0,7,758.2
2024-06-11,14.0,55.0,3,763.5
2024-06-12,14.0,55.0,2,765.8
2024-06-13,17.0,45.0,5,759.7
2024-06-14,17.0,64.0,7,750.8
2024-06-15,16.0,72.0,7,747.8
